fecha;pagina;id_aviso;fecha_primera_vista;dias_desde_primera_vista;nueva_publicacion;publicado_zonaprop_raw;fecha_publicacion_zonaprop;antiguedad_zonaprop_dias;barrio;direccion;precio_raw;moneda;expensas;m2;ambientes;dormitorios;banos;precio_m2;mascotas;balcon;cochera;terraza;pileta;parrilla;luminoso;url;imagen;texto
2026-07-15;2;59383968;2026-06-23;22;False;;;;La Paternal;Nicolas Granada al 1600 La Paternal, Capital Federal Muy buena planta reciclada a nuevo casi en su totalidad en impecable estado. Depto súper luminoso a pesar de ser 1er piso ya que el edificio está en una esquina. Buena distribución. Se ingresa por cocina semi integrada con barra, la misma se encuentra toda hecha a nuevo con muebles bajo mesada y alacena, cocina a gas y extractor con tiraje. Salida a un patio con techo rebatible y espacio cómodo para lavadero con bacha. Living comedor muy amplio con piso parquet en;$ 1.250.000;ARS;450000.0;82;4;3;1;15244.0;False;True;False;False;False;False;True;https://www.zonaprop.com.ar/propiedades/clasificado/alclapin-paternal-luminoso-4-amb.-con-balcon-59383968.html?n_src=Listado&n_pills=Encargado&n_pg=2&n_pos=2;;$ 1.250.000 $ 450.000 Expensas 82 m² tot. 4 amb. 3 dorm. 1 baño Nicolas Granada al 1600 La Paternal, Capital Federal Muy buena planta reciclada a nuevo casi en su totalidad en impecable estado. Depto súper luminoso a pesar de ser 1er piso ya que el edificio está en una esquina. Buena distribución. Se ingresa por cocina semi integrada con barra, la misma se encuentra toda hecha a nuevo con muebles bajo mesada y alacena, cocina a gas y extractor con tiraje. Salida a un patio con techo rebatible y espacio cómodo para lavadero con bacha. Living comedor muy amplio con piso parquet en excelente estado y salida a un balcón al frente con rejasBaño completo con bañadera y mampara Toilette cómodo Tanto baño como toilette tienen puertas corredizas. 3 dormitorios con placard empotrado y piso flotante Todos los ambientes dan a la calle y son luminosos. Servicios individuales. Calefon a gas. Electricidad y caños a nuevo. Reglamentación metrogas al día con rejillas instaladas. Puerta blindada. Edificio: 1 ascensor. 7 pisos con 3 Deptos por piso + 1en pb y encargado con vivienda. El edificio también posee un local en la esquinajose cifone brokers inmobiliarioscucicba | Mat. 6436, T. 1, F. 240cmcpsi | Mat. 6566 T. 10, F. 61 Destacado WhatsApp Contactar
2026-07-15;2;51516394;2026-06-23;22;False;;;;Flores;Av. Rivadavia 6700 Flores, Capital Federal Hermoso;$ 1.300.000;ARS;260000.0;95;4;3;1;13684.0;False;True;False;False;False;False;True;https://www.zonaprop.com.ar/propiedades/clasificado/alclapin-hermoso-dpto-4-amb.-95-m-sup2-.-sobre-av-rivadavia-51516394.html?n_src=Listado&n_pills=Lavadero&n_pg=2&n_pos=4;;$ 1.300.000 $ 260.000 Expensas 95 m² tot. 4 amb. 3 dorm. 1 baño Av. Rivadavia 6700 Flores, Capital Federal Hermoso departamento de 4 ambientes amplios y super luminosos. Balcón corrido. Semipiso con doble circulación. Contrafrente con vista abierta al pulmón de la manzana! Un espacio tranquilo en zona comercial! Cocina y lavadero independientes y hecho a nuevo. Baño reciclado. Toilet. Piso parquet recién pulido y plastificado. Living y el dormitorio principal con acceso al balcón corrido. Living amplio y comodo 6, 90m x 4, 00m. Dormitorio Principal 3, 55m x 3, 40m más placard. 2do. Dormitorio 3, 40m x 3, 35m más placard. Escritorio o 3er. Dormitorio 3, 00m x 2, 00m. Cocina 3, 28m x 1, 66m. Lavadero 2, 20m x 1, 70m. Baño, Cocina y Toillet totalmente reciclados!! Agua caliente central. Muy bajas expensas, incluye agua. Excelente ubicación: - a 1. 5 cuadra de Subte A, Estación San José de Flores. - a 3 cuadras de Subte A, Estación Carabobo. - a 1. 5 cuadra de Plaza Gral. Pueyrredon. - cercanía a Clínica y Laboratorio. - cercanía a numerosos colegios e institutos. - numerosos negocios comerciales sobre Av. Rivadavia. Farmacity, Burger King, Dexter, Havanna, Cheeky, Mc Donald´s, Banco Patagonia, Banco Comafi. - numerosos líneas de colectivos. - numerosos Institutos Educativos. Digno de ver! Destacado WhatsApp Contactar
2026-07-15;2;59544004;2026-07-15;0;True;;;;Caballito;Avenida Pedro Goyena 1630 Caballito, Capital Federal;;USD;435000.0;146;4;3;2;;False;True;True;True;False;False;False;https://www.zonaprop.com.ar/propiedades/clasificado/alclapin-alquiler-piso-en-caballito-de-categoria-59544004.html?n_src=Listado&n_pills=Terraza&n_pg=2&n_pos=6;;$ 3.000.000 $ 435.000 Expensas 146 m² tot. 4 amb. 3 dorm. 2 baños 2 coch. Avenida Pedro Goyena 1630 Caballito, Capital Federal Alquiler de piso, cuatro ambientes en caballito. Palier privado, puertas blindadas. Dormitorio principal con vestidor, baño en suite con hidro masaje en mampara de blindex. Segundo dormitorio con balcón contra frente con vista abierta y cerramiento. Tercer dormitorio con placar. Cocina comedor diario con acceso al balcón terraza. Amplio lavadero independiente. Dos cocheras fijas y cubiertas mas baulera. Edifico con toten y cámara de seguridad. Aire frio calor por ducto individual. Excelente ubicación, a metros de linea de Subte. Alquiler usd $2000 o pesos $3. 000. 000. Matricula cucicba Destacado WhatsApp Contactar
2026-07-15;2;58278261;2026-06-23;22;False;;;;Caballito;Riglos al 400 Caballito, Capital Federal;$ 940.000;ARS;160400.0;72;4;3;2;13056.0;False;True;False;True;False;False;False;https://www.zonaprop.com.ar/propiedades/clasificado/alclapin-riglos-430-1-piso-contrafrente-luminoso-58278261.html?n_src=Listado&n_pills=Lavadero&n_pg=2&n_pos=7;;$ 940.000 $ 160.400 Expensas 72 m² tot. 4 amb. 3 dorm. 2 baños Riglos al 400 Caballito, Capital Federal Departamento de categoría. 1er piso al contra frente. 3 dormitorios con placard, Balcón con cerramiento. Cocina remodelada con cocina de cocinar nueva, baño principal y toilete con ducha, lavadero. Doble circulación. Ventanas en todos los ambientes. Pisos de parquet de madera de muy buena calidad y mosaico granítico en cocina y baños. Agua caliente y calefacción individual. Excelente zona: Ubicado en el Corazón de Caballito, a cuatro cuadras Shopping Caballito y Cines Village. Barrio tranquilo. A metros de Avda. J. B. AlberdiPreciosa Terraza de uso común en el edificio con mesa y sillas(sin muebles) Subte línea A y varias líneas de colectivo. Expensas con Aysa incluido $160. 400 (Abril 2026). abl $ 16. 200Luz y gas según consumoPara visitar comunicarse al Ver datos (Valeria). requisitos1 mes adelantado1 mes deposito en dólares al valor bluegarantía Propietaria o seguro de caucióndni - Ingresos comprobablesCertificación de firmas e Informes al Registro Propiedad Inmueble a cargo reservanteContrato por 2 añosActualización trimestral ipc Destacado WhatsApp Contactar
2026-07-15;2;59158649;2026-06-23;22;False;;;;Flores;Avenida Carabobo 200 Flores Norte, Flores Excelente semipiso de 4amb con cochera y amplio balcón. *Amplio living con salida a balcón corrido al frente, ubicado en un segundo piso. *Cocina comedor diario con gran espacio de guardado y un amplio ventanal que permite el ingreso de luz. *Lavadero independiente. *3 dormitorios. *Dormitorio ppal en suite con vestidor. *2ndo baño completo y toilette. *Los otros dormitorios con placard. *Cochera fija en pb. Edificio de pocos años y pocas unidades que cuenta con sum y parrilla. En excelente estado. En gran ubicación y a metros de Rivadavia y del subte A de Carabobo. Contrato por 2 años. Ajuste trimestral por ipc. Para mayor información o para visitarlo comunicarse al Ver datos o al Ver datos (Whatsapp) - ley 5859 –art. 5“Se encuentra prohibido cobrar comisiones inmobiliarias y gastos de gestoría deinformes a los inquilinos que sean personas físicas. Para los casos de;$ 1.800.000;ARS;390000.0;101;4;3;2;17822.0;False;True;True;False;False;True;False;https://www.zonaprop.com.ar/propiedades/clasificado/alclapin-excelente-semipiso-de-4amb-con-cochera-y-amplio-balcon-59158649.html?n_src=Listado&n_pills=Encargado&n_pg=2&n_pos=8;;$ 1.800.000 10% $ 390.000 Expensas 101 m² tot. 4 amb. 3 dorm. 2 baños 1 coch. Avenida Carabobo 200 Flores Norte, Flores Excelente semipiso de 4amb con cochera y amplio balcón. *Amplio living con salida a balcón corrido al frente, ubicado en un segundo piso. *Cocina comedor diario con gran espacio de guardado y un amplio ventanal que permite el ingreso de luz. *Lavadero independiente. *3 dormitorios. *Dormitorio ppal en suite con vestidor. *2ndo baño completo y toilette. *Los otros dormitorios con placard. *Cochera fija en pb. Edificio de pocos años y pocas unidades que cuenta con sum y parrilla. En excelente estado. En gran ubicación y a metros de Rivadavia y del subte A de Carabobo. Contrato por 2 años. Ajuste trimestral por ipc. Para mayor información o para visitarlo comunicarse al Ver datos o al Ver datos (Whatsapp) - ley 5859 –art. 5“Se encuentra prohibido cobrar comisiones inmobiliarias y gastos de gestoría deinformes a los inquilinos que sean personas físicas. Para los casos de alquiler devivienda, el monto máximo de comisión quese le puede requerir a los propietarios será elequivalente al cuatro con quince centésimos por ciento (4, 15%) del valor total del respectivo contrato” Destacado WhatsApp Contactar
2026-07-15;2;59061389;2026-06-23;22;False;;;;Caballito;Eleodoro Lobos al 200 Caballito, Capital Federal;$ 1.500.000;ARS;330000.0;80;4;3;2;18750.0;False;True;False;False;False;False;False;https://www.zonaprop.com.ar/propiedades/clasificado/alclapin-departamento-en-caballito-59061389.html?n_src=Listado&n_pills=Lavadero&n_pg=2&n_pos=9;;$ 1.500.000 $ 330.000 Expensas 80 m² tot. 4 amb. 3 dorm. 2 baños Eleodoro Lobos al 200 Caballito, Capital Federal Departamento de 4 ambientes ubicado en quinto piso al frente. Eleodoro Lobos y BogotáLiving comedor con salida a balcón corrido, pisos de madera, cocina comedor amplia y lavadero independiente. Cuenta con tres dormitorios con placard y dos baños completos. Muy buen estado general. Valor alquiler mensual: $1. 500. 000. -Expensas: $330. 000. -Requisitos y condiciones: * Se alquila con seguro: Finaer, Respaldar o ras. * Un mes de alquiler adelantado. * Un mes de depósito. Destacado WhatsApp Contactar
2026-07-15;2;59422747;2026-06-23;22;False;;;;Floresta;Avenida Rivadavia 8000 Floresta, Capital Federal;$ 1.280.000;ARS;330000.0;79;4;3;1;16203.0;False;True;True;False;False;False;False;https://www.zonaprop.com.ar/propiedades/clasificado/alclapin-alquiler-4-ambientes-floresta-frente-balcon-59422747.html?n_src=Listado&n_pills=Lavadero&n_pg=2&n_pos=10;;$ 1.280.000 $ 330.000 Expensas 79 m² tot. 4 amb. 3 dorm. 1 baño Avenida Rivadavia 8000 Floresta, Capital Federal Departamento de 4 ambientes en alquiler al frente con balcon corrido. Cocina completa con lavadero. Baño completo. Toilette. Pisos de parquet pulidos y plastificados a nuevo. Pintado en blanco impecable. Tres dormitorios con placard empotrado. Amplio living comedor de 8 metros de largo. Opcional cochera Destacado WhatsApp Contactar
2026-07-15;2;53709360;2026-07-02;13;False;;;;Caballito;Av. Alberdi Caballito, Capital Federal;$ 1.450.000;ARS;356000.0;98;4;3;2;14796.0;False;True;True;False;False;False;False;https://www.zonaprop.com.ar/propiedades/clasificado/alclapin-dpto.-4-amb.-al-frente-balcon-y-cochera.-53709360.html?n_src=Listado&n_pills=Aire+acondicionado&n_pg=2&n_pos=12;;$ 1.450.000 $ 356.000 Expensas 98 m² tot. 4 amb. 3 dorm. 2 baños 1 coch. Av. Alberdi Caballito, Capital Federal Departamento al frente con balcon, cocina con comedor diario, amplio living, 3 dormitorios, el principal en swite, dos 2 baños completos y cochera fija. Destacado Contactar
2026-07-15;2;58542932;2026-06-23;22;False;;;;Flores;Avenida Avellaneda 2800 Flores Norte, Flores Depto de 4 ambientes. disposicion al frente. superficie total de 90 mts2. 3 dormitorios con placares. 1 baño. 1 baño de servicio. 1 toilette. cocina completa. lavadero. living. balcon A la calle. encargado. - Martillero responsable: Alexis Levy | cucicba Matrícula Nº 3995 Destacado;$ 1.000.000;ARS;300000.0;90;4;3;1;11111.0;False;True;False;False;False;False;False;https://www.zonaprop.com.ar/propiedades/clasificado/alclapin-avellaneda-2800-depto-4-ambientes-58542932.html?n_src=Listado&n_pills=Encargado&n_pg=2&n_pos=15;;$ 1.000.000 $ 300.000 Expensas 90 m² tot. 4 amb. 3 dorm. 1 baño Avenida Avellaneda 2800 Flores Norte, Flores Depto de 4 ambientes. disposicion al frente. superficie total de 90 mts2. 3 dormitorios con placares. 1 baño. 1 baño de servicio. 1 toilette. cocina completa. lavadero. living. balcon A la calle. encargado. - Martillero responsable: Alexis Levy | cucicba Matrícula Nº 3995 Destacado WhatsApp Contactar
2026-07-15;2;59528126;2026-07-02;13;False;;;;Floresta;Coronel Ramón Lorenzo Falcón 4000 Floresta, Capital Federal Corredor Responsable: Monica Alejandra Mazza cucicba 5609 / Ezequiel Luceti cmcpsi 6635- Contacto: Yamila Martinez. unidad en piso 3 al frente con balcon. seguridad 24 horas (vigilancia y recepcion) cochera fija cubierta. jardin y pileta. 14 pisos - 82 unidades funcionales. requisitos: 2 años de contrato, ajuste trimestral por ipc. expensas $ 600. 000 (incluye aysa y cochera) tres habitaciones (una con baño en suite) living / comedor. cocina con comedor diario y lavadero. baño completo. baño completo en suite. balcon. cochera fija cubierta. rau S. R. L. No ejerce el corretaje inmobiliario. El presente sitio web es una plataforma en donde cada oficina inmobiliaria independiente que contrata los servicios re/max puede publicar las propiedades a su cargo. Cada oficina es de propiedad y gestión independiente, por lo que rau S. R. L. No interviene en los datos de la publicación, en la operación inmobiliaria, ni en la confección y/o firma del boleto de compraventa y/o escritura y/o contrato de;$ 1.300.000;ARS;600000.0;79;4;3;2;16456.0;False;True;True;False;True;False;False;https://www.zonaprop.com.ar/propiedades/clasificado/alclapin-alquiler-floresta-4-amb-cochera-seguridad-pileta-59528126.html?n_src=Listado&n_pills=Lavadero&n_pg=2&n_pos=23;;$ 1.300.000 $ 600.000 Expensas 79 m² tot. 4 amb. 3 dorm. 2 baños 1 coch. Coronel Ramón Lorenzo Falcón 4000 Floresta, Capital Federal Corredor Responsable: Monica Alejandra Mazza cucicba 5609 / Ezequiel Luceti cmcpsi 6635- Contacto: Yamila Martinez. unidad en piso 3 al frente con balcon. seguridad 24 horas (vigilancia y recepcion) cochera fija cubierta. jardin y pileta. 14 pisos - 82 unidades funcionales. requisitos: 2 años de contrato, ajuste trimestral por ipc. expensas $ 600. 000 (incluye aysa y cochera) tres habitaciones (una con baño en suite) living / comedor. cocina con comedor diario y lavadero. baño completo. baño completo en suite. balcon. cochera fija cubierta. rau S. R. L. No ejerce el corretaje inmobiliario. El presente sitio web es una plataforma en donde cada oficina inmobiliaria independiente que contrata los servicios re/max puede publicar las propiedades a su cargo. Cada oficina es de propiedad y gestión independiente, por lo que rau S. R. L. No interviene en los datos de la publicación, en la operación inmobiliaria, ni en la confección y/o firma del boleto de compraventa y/o escritura y/o contrato de alquiler. En cumplimiento de las leyes vigentes que regulan el corretaje inmobiliario, Ley Nacional 25. 028, Ley 22. 802 de Lealtad Comercial, Ley 24. 240 de Defensa al Consumidor, las normas del Código Civil y Comercial de la Nación y Constitucionales, los agentes/gestores no ejercen el corretaje inmobiliario. Todas las operaciones inmobiliarias son objeto de intermediación y conclusión por parte del corredor público inmobiliario colegiado a cargo de la publicación, cuyos datos se exhiben en la presente. La presente publicación describe las características esenciales del inmueble, debiéndose consultar al corredor público inmobiliario responsable de la operación por la eventual actualización de las medidas, descripciones arquitectónicas y funcionales, valores de expensas, servicios, impuestos, precios y demás información, cuyos valores son aproximados. Para los casos de alquiler de vivienda, el monto máximo de comisión que se le puede requerir a los propietarios será el equivalente al cuatro con quince centésimos por ciento (4, 15%) del valor total del respectivo contrato. Se encuentra prohibido cobrar a los inquilinos que sean personas físicas comisiones inmobiliarias y gastos de gestoría de informes. El inmueble no es accesible para personas con discapacidades físicas. WhatsApp Contactar
2026-07-15;2;59443105;2026-06-23;22;False;;;;Caballito;Rivadavia 4900 Caballito, Capital Federal Corredor Responsable: Marcelo Trujillo cucicba 6470 / cmcpdjlm 810- Contacto: Marcela Contarbio.;$ 1.800.000;ARS;421236.0;107;4;3;1;16822.0;False;True;False;False;False;False;False;https://www.zonaprop.com.ar/propiedades/clasificado/alclapin-alquiler-4-ambientes-caballito-59443105.html?n_src=Listado&n_pills=Aire+acondicionado&n_pg=2&n_pos=24;;$ 1.800.000 $ 421.236 Expensas 107 m² tot. 4 amb. 3 dorm. 1 baño Rivadavia 4900 Caballito, Capital Federal Corredor Responsable: Marcelo Trujillo cucicba 6470 / cmcpdjlm 810- Contacto: Marcela Contarbio. departamento 4 ambientes de categoria en alquiler - caballito. Departamento de 106 m² ubicado en el corazón de Caballito, sobre Avenida Rivadavia en la inte3rseccion con la Avenida Acoyte, con una distribución estratégica que optimiza el espacio y la funcionalidad urbana. La propiedad, construida en 1971 con detalles de categoria, presenta una disposición contrafrente con orientacion Norte en el segundo piso de un edificio de 11 niveles, con una configuración que combina amplitud y diseño práctico. Distribución interior con entrada principal y de servicio en un cuatro ambientes bien planificados: Zona social compuesta por un amplio living con acceso a un patio con cerramiento dando espacio a un Jardin de Invierno que garantiza ventilación cruzada. Cocina independiente con comedor diario, dispone de amplio ventanal y esta complementada por un lavadero independiente. Zona privada integrada por dos dormitorios con placard y un tercer dormitorio/ escritorio que se encuentra integrado al living. Tanto el escritorio como uno de los dormitorios que dan al contrafrente, con orientacion Norte, cuentan con un acceso a una espacio al aire libre tipo balcon, con ingreso a la altura de la ventana. Cuenta con un Toilette de recepcion más un baño principal completo. La propiedad cuenta con doble ingreso: puerta principal accediendo a un pasillo que se comunica con el living y puerta de servicio con ingreso al comedor diario, lo que facilita la circulación independiente. Características destacadas de la unidad: - Superficie total: 106 m² - Agua caliente por Calefon. - Ventilador de Techo en Cocina, Comedor, dormitorio. - Aire Acondicionado Frio/Calor en Living y dos dormitorios. - Patio y Balcón en altura. - Cocina con amplio comedor. - Estado general: muy bueno. - Ubicacion estrategica. Caracteristicas del edificio: - Dos ascensores. - Grupo electrogeno para asensores y motor de agua. - Rampa en sector de ingreso. Ubicación con excelente conectividad: - Subte Línea A (estaciones Acoyte) - Múltiples líneas de colectivo. - Interseccion de dos avenidas Rivadavia y Acoyte / Jose M. Moreno. Entorno inmediato con servicios: - Centros comerciales. - Gastronomía. - Servicios bancarios. - Instituciones educativas. Contactate con nosotros y agendá tu visita para conocer este increíble espacio. Rau S. R. L. No ejerce el corretaje inmobiliario. El presente sitio web es una plataforma en donde cada oficina inmobiliaria independiente que contrata los servicios re/max puede publicar las propiedades a su cargo. Cada oficina es de propiedad y gestión independiente, por lo que rau S. R. L. No interviene en los datos de la publicación, en la operación inmobiliaria, ni en la confección y/o firma del boleto de compraventa y/o escritura y/o contrato de alquiler. En cumplimiento de las leyes vigentes que regulan el corretaje inmobiliario, Ley Nacional 25. 028, Ley 22. 802 de Lealtad Comercial, Ley 24. 240 de Defensa al Consumidor, las normas del Código Civil y Comercial de la Nación y Constitucionales, los agentes/gestores no ejercen el corretaje inmobiliario. Todas las operaciones inmobiliarias son objeto de intermediación y conclusión por parte del corredor público inmobiliario colegiado a cargo de la publicación, cuyos datos se exhiben en la presente. La presente publicación describe las características esenciales del inmueble, debiéndose consultar al corredor público inmobiliario responsable de la operación por la eventual actualización de las medidas, descripciones arquitectónicas y funcionales, valores de expensas, servicios, impuestos, precios y demás información, cuyos valores son aproximados. Para los casos de alquiler de vivienda, el monto máximo de comisión que se le puede requerir a los propietarios será el equivalente al cuatro con quince centésimos por ciento (4, 15%) del valor total del respectivo contrato. Se encuentra prohibido cobrar a los inquilinos que sean personas físicas comisiones inmobiliarias y gastos de gestoría de informes. El inmueble no es accesible para personas con discapacidades físicas. Contactar
2026-07-15;2;59434450;2026-06-23;22;False;;;;Flores;Ramón Falcon 2300 Flores, Capital Federal Corredor Responsable: Jorge Salafia cucicba 5666 / csi 5888- Contacto: Maria Riquelme. alquiler;USD 850;USD;124000.0;90;4;3;1;14167.0;False;True;False;False;False;False;False;https://www.zonaprop.com.ar/propiedades/clasificado/alclapin-alquiler-dpto-3-dorm.-balcon-luminoso-59434450.html?n_src=Listado&n_pg=2&n_pos=25;;USD 850 $ 124.000 Expensas 90 m² tot. 4 amb. 3 dorm. 1 baño Ramón Falcon 2300 Flores, Capital Federal Corredor Responsable: Jorge Salafia cucicba 5666 / csi 5888- Contacto: Maria Riquelme. alquiler departamento 4 ambientes venta flores capital federal. Departamento de 90 m² ubicado sobre Ramón Falcon. 4 ambientes con tres dormitorios, un baño completo, toilette, cocina separada y living/comedor. El balcón corrido con orientación sur amplía visualmente los espacios interiores y permite una conexión fluida con el entorno urbano. Construido en 1980, el departamento mantiene su estructura original en buen estado de conservación. Los pisos de madera, los placards en dormitorios y la losa radiante son elementos que garantizan confort y funcionalidad. La disposición de frente y doble ingreso optimizan la distribución de los espacios interiores. El edificio cuenta con ascensor principal y de servicio, lo que representa un valor agregado para la propiedad. Bajas expensas. Requisitos. Plazo 2 años. Un mes de adelanto. Deposito dos mes. Ajuste 5% anual. Ingresos demostrables. Garantía seguro de caución. Rau S. R. L. No ejerce el corretaje inmobiliario. El presente sitio web es una plataforma en donde cada oficina inmobiliaria independiente que contrata los servicios re/max puede publicar las propiedades a su cargo. Cada oficina es de propiedad y gestión independiente, por lo que rau S. R. L. No interviene en los datos de la publicación, en la operación inmobiliaria, ni en la confección y/o firma del boleto de compraventa y/o escritura y/o contrato de alquiler. En cumplimiento de las leyes vigentes que regulan el corretaje inmobiliario, Ley Nacional 25. 028, Ley 22. 802 de Lealtad Comercial, Ley 24. 240 de Defensa al Consumidor, las normas del Código Civil y Comercial de la Nación y Constitucionales, los agentes/gestores no ejercen el corretaje inmobiliario. Todas las operaciones inmobiliarias son objeto de intermediación y conclusión por parte del corredor público inmobiliario colegiado a cargo de la publicación, cuyos datos se exhiben en la presente. La presente publicación describe las características esenciales del inmueble, debiéndose consultar al corredor público inmobiliario responsable de la operación por la eventual actualización de las medidas, descripciones arquitectónicas y funcionales, valores de expensas, servicios, impuestos, precios y demás información, cuyos valores son aproximados. Para los casos de alquiler de vivienda, el monto máximo de comisión que se le puede requerir a los propietarios será el equivalente al cuatro con quince centésimos por ciento (4, 15%) del valor total del respectivo contrato. Se encuentra prohibido cobrar a los inquilinos que sean personas físicas comisiones inmobiliarias y gastos de gestoría de informes. El inmueble no es accesible para personas con discapacidades físicas. WhatsApp Contactar
2026-07-15;2;59423475;2026-06-23;22;False;;;;Caballito;AV. Angel Gallardo al 600 Piso 7° Al Frente con Balcón Caballito, Capital Federal;$ 1.500.000;ARS;250000.0;82;4;3;1;18293.0;False;True;False;False;False;False;False;https://www.zonaprop.com.ar/propiedades/clasificado/alclapin-departamento-en-alquiler-4amb.-c-balcon-av-angel-59423475.html?n_src=Listado&n_pills=Lavadero&n_pg=2&n_pos=26;;"$ 1.500.000 $ 250.000 Expensas 82 m² tot. 4 amb. 3 dorm. 1 baño AV. Angel Gallardo al 600 Piso 7° Al Frente con Balcón Caballito, Capital Federal Departamento en AlquilerBalcon Av. Angel Gallardo 600. Piso7°Alquiler$1. 500. 000 Exp. $ 250. 000se entrega recien pintado Y con el piso de parquet pulido Y plastificado. requisitos de alquiler: alquiler $1. 500. 0000expensas aproximadas: $ 250. 000 1 mes adelantado correspondiente al mes de alquiler; 1 mes de depósito. Ingresos comprobables Contratar seguro contra incendio. Contrato a 2 años con ajuste trimestral por Ipcse acepta garantia de una propiedad O seguro de cauciónseguro de caucion solo finaer O respaldar. 4 ambientes al frente con balcón2 entradasCocina a gasCalefon a gasBaño completoToiletteLavadero independientePisos de parquetOrientación: NorteMedidas de los ambientes: Baño 2, 05 x 1, 55Toilette 0, 93 x 1, 45Cocina 2, 70 x 4Dormitorio 3, 20 x 2, 20Dormitorio 3 x 3Dormitorio 3, 20 x 3, 05Living 2, 95 x 6, 50Lavadero 3 x 0, 85Hall distribución 0, 80 x 3, 20Balcón 1, 30 x 7, 60 Ley 5115 caba art. 1°: Los avisos publicados por corredores inmobiliarios por cualquier medio gráfico o informático, que promuevan operaciones inmobiliarias, deberán contener información acerca de las condiciones de accesibilidad para las personas con discapacidades físicas. art. 2°: Los avisos mencionados en el art. 1° incluirán un indicador gráfico de accesibilidad y/o la palabra &quot;accesible&quot;. Néstor Rubén Varela cucicba Matrícula Nº 2760Artículo 4° Ley 2340- Ente responsable. La matrícula de los corredores inmobiliarios estará a cargo del ente público no estatal, con independencia funcional de los poderes del Estado que se crea por esta ley. tasamos en caba en el día. Tomamos propiedades en caba como parte de pago Y/O financiamos. WhatsApp Contactar"
2026-07-15;2;59306045;2026-06-23;22;False;;;;Flores;MEMBRILLAR 122 Flores Norte, Flores Alquiler tradicional X 2 años (se actualiza trimestralmente por I. P. C.);$ 1.300.000;ARS;300000.0;107;4;3;2;12150.0;True;True;False;True;False;False;False;https://www.zonaprop.com.ar/propiedades/clasificado/alclapin-alquiler-departamento-flores-4-ambientes-balcon-59306045.html?n_src=Listado&n_pills=Terraza&n_pg=2&n_pos=27;;"$ 1.300.000 $ 300.000 Expensas 107 m² tot. 4 amb. 3 dorm. 2 baños MEMBRILLAR 122 Flores Norte, Flores Alquiler tradicional X 2 años (se actualiza trimestralmente por I. P. C.) departamento en flores 4 ambientes balcon -patio Y terraza. requisitos para el alquiler: - mascotas A evaluar. -ingresos demostrables que tripliquen el valor del alquiler. -garantia propietaria de caba O seguro de caucion. -4 ambientes. -balcon. -patio/terraza. medidas generales: 71, 47 m2 cubiertos. 2, 27 m2 (baulera) 6, 99 m2 Semicubiertos (Balcon) 26, 65 m2 Descubiertos (Patio/balcon) 107, 38 m2 totales. edificio torre. - 16 pisos. - 3 departamentos x piso. -seguridad 24 hs con totem. -encargado. -2 ascensores. - losa radiante central. medidas del departamento: Cocina (2, 22 x 3, 34) Living (5, 21 x 3, 39) aire acondicionado - Pisos de parquet-ventilador de techo. Toilette (1, 40 x 1, 29) Baño completo (1, 36 x 2, 17) Habitacion 1 (2, 92 x 2, 78) ventilador de techo - pisos de parquet. Habitacion 2 (2, 98 x 2, 86) aire acondicionado- pisos de parquet. Habitacion 3 (2, 92 x 3, 25) pisos de parquet. Balcon (6, 26 x 1, 12) Patio/Terraza y lavadero ( 4, 63 x 7, 06) Transportes Cercanos. Colectivos: 1, 2, 5, 8, 25, 36, 49, 53, 55, 76, 85, 86, 88, 92, 96, 104, 113, 126, 132, 133, 134, 136, 141, 163, 180. Subtes (Metro): carabobo (Línea A), san josé de flores (Línea A) Datos útiles. Barrio: Flores. Comuna: Comuna 7. Área Hospitalaria: htal. Dr. P. Piñero. Comisaría Comunal: 7. Comisaría Vecinal: 7C. Distrito Escolar: Distrito Escolar xi. Código Postal: 1406. Código Postal Argentino: C1406gnt. Datos sobre el barrio: Flores es un área comercial y residencial concurrida conocida por su barrio coreano pequeño, con varios bares de karaoke discretos y restaurantes donde se sirven platos clásicos, como la sopa de kimchi. Con vista al área verde de la plaza Pueyrredón, la Basílica de San José de Flores es una iglesia majestuosa del siglo xix, donde el papa Francisco, nativo de Flores, se inspiró a unirse al sacerdocio. El Centro cultural Marcó del Pont ofrece talleres y exhibiciones. Aviso legal. Todas las propiedades que figuran en mi perfil se encuentran a cargo del profesional matriculado de la oficina, la intermediación y la conclusión de las operaciones serán llevadas exclusivamente por él. En cumplimiento de la leyes provinciales vigentes que regulan el corretaje inmobiliario, Ley Nacional 25. 028, Ley 22. 802 de Lealtad Comercial, Ley 24. 240 de Defensa al Consumidor, las normas del Código Civil y Comercial de la Nación y Constitucionales, los agentes/gestores/asesores no ejercen el corretaje inmobiliario. Todas las operaciones inmobiliarias son objeto de intermediación y conclusión por parte de los martilleros y corredores colegiados, cuyos datos se exhiben debajo del nombre de la inmobiliaria. ""Para los casos de alquiler de vivienda, el monto máximo de comisión que se le puede requerir a los propietarios será el equivalente al cuatro con quince centésimos por ciento (4, 15%) del valor total del respectivo contrato. Se encuentra prohibido cobrar a los inquilinos que sean personas físicas comisiones inmobiliarias y gastos de gestoría de informes"" ley N° 5. 115. Cumple con las condiciones de accesibilidad para las personas con discapacidades físicas. Todas las propiedades que figuran en mi perfil se encuentran a cargo del profesional matriculado de la oficina, la intermediación y la conclusión de las operaciones serán llevadas exclusivamente por él. En cumplimiento de la leyes provinciales vigentes que regulan el corretaje inmobiliario, Ley Nacional 25. 028, Ley 22. 802 de Lealtad Comercial, Ley 24. 240 de Defensa al Consumidor, las normas del Código Civil y Comercial de la Nación y Constitucionales, los agentes/gestores/asesores no ejercen el corretaje inmobiliario. Todas las operaciones inmobiliarias son objeto de intermediación y conclusión por parte de los martilleros y corredores colegiados, cuyos datos se exhiben debajo del nombre de la inmobiliaria. El yar bienes raices sa. igj N° Ver datos. Las reservas se toman exclusivamente en la inmobiliaria con el matriculado C. U. C. I. C. B. A. 7493 / C. M. C. P. S. I. 6592. ""Para los casos de alquiler de vivienda, el monto máximo de comisión que se le puede requerir a los propietarios será el equivalente al cuatro con quince centésimos por ciento (4, 15%) del valor total del respectivo contrato. Se encuentra prohibido cobrar a los inquilinos que sean personas físicas comisiones inmobiliarias y gastos de gestoría de informes "" WhatsApp Contactar"
2026-07-15;2;59612189;2026-07-15;0;True;;;;Flores;ALBERDI, JUAN B., AV. 2800. Entre Lafuente y San pedrito, av. Flores, Capital Federal Alquiler de;$ 990.000;ARS;200000.0;89;4;3;1;11124.0;False;True;False;False;False;False;True;https://www.zonaprop.com.ar/propiedades/clasificado/alclapin-alquiler-departamento-4-ambientes-flores-balcon-al-59612189.html?n_src=Listado&n_pills=Lavadero&n_pg=2&n_pos=28;;$ 990.000 $ 200.000 Expensas 89 m² tot. 4 amb. 3 dorm. 1 baño ALBERDI, JUAN B., AV. 2800. Entre Lafuente y San pedrito, av. Flores, Capital Federal Alquiler de Departamento 4 Ambientes en Flores, Capital Federal. --requisitos: mes de adelanto, mes de deposito en dolares (usd900) , garantia propietaria en caba (no provincia) O seguro de caucion, ingresos demostrables. -- acepta mascota hasta mediana (1 sola) no raza peligrosa. Departamento de 4 ambientes en esquina, muy luminoso, ubicado en un tercer piso. Al ingresar cuenta con un amplio living comedor con salida al balcón corrido al frente. La cocina posee comedor diario, muebles bajo mesada y alacenas, calefón, espacio para lavarropas y también salida al mismo balcón. A través del pasillo distribuidor, que cuenta con una estufa, se accede al sector privado de la propiedad, compuesto por tres dormitorios con placard y pisos de parquet. Dos de ellos poseen salida al exterior, uno al balcón corrido del frente y el otro a un balcón propio. La unidad dispone además de un baño completo que cuenta con un pequeño placard de guardado. y un toilette. El edificio cuenta con 9 pisos, 3 departamentos por planta y 2 ascensores. Aviso legal: Toda la información suministrada y publicada queda sujeta a la verificación correspondiente por parte de los interesados y sus profesionales asesores, previo a realizar una operación. Las descripciones del inmueble, medidas, superficies, ya sean arquitectónicas o funcionales, fotos o características, valores de impuestos, expensas, servicios etc, pueden contener alguna inexactitud y son meramente descriptivas. Mariano Saleh - Matricula C. U. C. I. C. B. A. 3639 / cpmclz 3815esv Propiedades S. A. La propiedad que figura en esta publicación se encuentra a cargo del profesional matriculado, por lo tanto la intermediación y la conclusión de las operaciones serán llevadas exclusivamente por él. Ley 5115: excepto que en la descripción de la propiedad se indique lo contrario, el edificio puede no contar con rampa para personas con movilidad reducida, y no ser Accesible para personas con discapacidades físicas. En cumplimiento de la Ley 5859, Art. 4, se deja constancia que Para los casos de alquiler de vivienda, el monto máximo de comisión que se le puede requerir a los propietarios será el equivalente al cuatro con quince centésimos por ciento (4, 15%) del valor total del respectivo contrato. Se encuentra prohibido cobrar a los inquilinos que sean personas físicas comisiones inmobiliarias y gastos de gestoría de informes- Las medidas consignadas en la publicación son aproximadas, las reales surgirán del título de propiedad o documentación pertinente y no compromete contractualmente a nuestra empresa. Los gastos y valores de expensas expresados se deben a la última información recabada y deberán confirmarse. Fotografías no vinculantes ni contractuales. Mariano Saleh - Matricula C. U. C. I. C. B. A. 3639 / cpmclz 3815 esv Propiedades S. A. La propiedad que figura en esta publicación se encuentra a cargo del profesional matriculado, por lo tanto la intermediación y la conclusión de las operaciones serán llevadas exclusivamente por él. Ley 5115: excepto que en la descripción de la propiedad se indique lo contrario, el edificio puede no contar con rampa para personas con movilidad reducida, y no ser Accesible para personas con discapacidades físicas. En cumplimiento de la Ley 5859, Art. 4, se deja constancia que Para los casos de alquiler de vivienda, el monto máximo de comisión que se le puede requerir a los propietarios será el equivalente al 4. 15% del valor total del respectivo contrato. Se encuentra prohibido cobrar a los inquilinos que sean personas físicas comisiones inmobiliarias en caba- Las medidas consignadas en la publicación son aproximadas, las reales surgirán del título de propiedad o documentación pertinente y no compromete contractualmente a nuestra empresa. Los gastos y valores de expensas expresados se deben a la última información recabada y deberán confirmarse. Fotografías no vinculantes ni contractuales. xintel(esv-esv-1810) WhatsApp Contactar
2026-07-15;4;59421119;2026-06-23;22;False;;;;Caballito;Guayaquil 819 Primera Junta, Caballito Alquiler;$ 1.100.000;ARS;223000.0;86;4;3;1;12791.0;True;True;False;False;False;False;True;https://www.zonaprop.com.ar/propiedades/clasificado/alclapin-alquiler-departamento-con-balcon-en-caballito-59421119.html?n_src=Listado&n_pills=Encargado&n_pg=4&n_pos=2&n_search_id=795683ec-3b10-4400-b8de-d0510cf02d08;;$ 1.100.000 $ 223.000 Expensas 86 m² tot. 4 amb. 3 dorm. 1 baño Guayaquil 819 Primera Junta, Caballito Alquiler Departamento 4 Ambientes con Balcón en Caballito (Guayaquil 819). Ubicado en el 14º. Contrafrente. Muy luminoso. Distribución: -Hall (1x1), Cocina-Comedor (2, 40x3, 20), Lavadero Independiente (1, 20x1, 20), Toilette, 3 Dormitorios con Placard (2 de 3x3 y 3x4), Baño Completo y Balcón (0, 80x3, 50) m2 totales. 82 m2 cubiertos. Excelente ubicación. A metros de la zona Primera Junta. El edificio cuenta con Grupo Electrógeno. Requisitos: -Garantía de Propiedad en caba o Fianza de la empresa Premium Group S. A. -Ingresos en blanco por $3. 300. 000 o mas de parte de los inquilinos. -No apto mascotas. -Contrato a 2 años. Ajuste trimestral por icl. Valor: $1. 100. 000 Expensas: $223. 000. Matriculas: cucicba 2706. cpmclz 4345 WhatsApp Contactar
2026-07-15;4;59597619;2026-07-15;0;True;;;;Caballito;Emilio Mitre 221 Caballito Sur, Caballito Aviso con video! No dejede verlo!;$ 1.480.000;ARS;348000.0;98;4;2;2;15102.0;False;False;False;False;False;False;False;https://www.zonaprop.com.ar/propiedades/clasificado/alclapin-alquilo-muy-lindo-depto.-caballito-2-3-dorm.-59597619.html?n_src=Listado&n_pills=Aire+acondicionado&n_pg=4&n_pos=3&n_search_id=795683ec-3b10-4400-b8de-d0510cf02d08;;$ 1.480.000 $ 348.000 Expensas 98 m² tot. 4 amb. 2 dorm. 2 baños Emilio Mitre 221 Caballito Sur, Caballito Aviso con video! No dejede verlo! Muy lindo depto. De 2/3 dormitorios + 1 baño completo + 1 de servicio y/o Toillete. Medidas: L/C: 4, 10 x 4, 40. Dorm. Dependencia 3, 00 x 2, 00. Dorm. Principal 3, 40 x 3, 40. Dorm. Segundo 3, 0 x 3, 40. Dos A/C frío calor + 2 estufas. Edificio de cocheras al lado del edificio. Condiciones: Contrato a 2 años con ajuste trimestral x ipc. Primer mes adelantado. Deposito U$D 1, 500. Garantia caba y/o Seguro de Caucion WhatsApp Contactar
2026-07-15;4;59388151;2026-06-23;22;False;;;;Villa General Mitre;Pasaje La Fronda 1681 Villa General Mitre, Capital Federal Excelente;$ 1.250.000;ARS;400000.0;84;4;3;2;14881.0;False;True;True;False;False;False;True;https://www.zonaprop.com.ar/propiedades/clasificado/alclappa-luminoso-4-ambientes-todo-externo-balcon-2-banos-y-59388151.html?n_src=Listado&n_pills=Aire+acondicionado&n_pg=4&n_pos=4&n_search_id=795683ec-3b10-4400-b8de-d0510cf02d08;;$ 1.250.000 $ 400.000 Expensas 84 m² tot. 4 amb. 3 dorm. 2 baños 1 coch. Pasaje La Fronda 1681 Villa General Mitre, Capital Federal Excelente departamento de 4 ambientes todo externo con balcón, 2 baños y cochera en La Paternal. Ubicado en una zona estratégica y segura, con seguridad las 24 horas, a tan solo media cuadra de Av. Juan B. Justo y media cuadra de Av. Boyacá, con excelente conectividad y cercanía a escuelas, comercios y medios de transporte. La unidad se destaca por su gran luminosidad natural, ya que todos sus ambientes son externos. Cuenta con un amplio balcón con una agradable vista abierta hacia la Plaza Pappo Napolitano. Dispone de un cómodo living-comedor, cocina totalmente equipada con horno empotrable y anafe, muebles de guardado y excelente ventilación. Posee tres dormitorios con placard, pisos de parquet lustrado en las habitaciones y dos baños completos, brindando comodidad para toda la familia. Incluye cochera, un valor agregado fundamental para la zona. Una oportunidad ideal para quienes buscan amplitud, luz, seguridad y una excelente ubicación en el corazón de La Paternal. Características principales: 4 ambientes. Todo externo. Balcón con vista abierta. 2 baños. Cochera. Seguridad 24 hs. Cocina equipada con horno empotrable y anafe. Placares en los 3 dormitorios. Pisos de parquet lustrados. Muy luminoso. Cercano a escuelas. A media cuadra de Av. Juan B. Justo y Av. Boyacá Listo para mudarse. ¡Coordiná tu visita! Contactar
2026-07-15;4;59282616;2026-06-23;22;False;;;;La Paternal;Av San Martin 2100 La Paternal, Capital Federal Ph piso unico 4 ambientes C/ balcon corrido Y terraza propia. comodidades. living comedor 8. 00 X 3. 50. cocina 3. 50 X 3. 00. Lavadero independiente. 1° dorm 3. 50 X 3. 50 com placard. 2° dorm 3. 50 X 2. 60 con placard. habitacion de servicio con baño. baño instalado completo. balcon 8. 00 X 1. 00. terraza total con lavadero/ parrilla.. Detalles. agua caliente por termotanque. cocina equipada con mueble bajo mesada, alacena colgante. mesada de granito revestimientos de azulejos. living comedor Y dormitorios piso de parquet. resto mosaico granitico muy buen estado.;$ 1.550.000;ARS;;100;4;3;2;15500.0;False;True;False;True;False;True;False;https://www.zonaprop.com.ar/propiedades/clasificado/alclphin-ph-piso-unico-4-amb.-c-balcon-y-terraza-prop.-59282616.html?n_src=Listado&n_pills=Lavadero&n_pg=4&n_pos=5&n_search_id=795683ec-3b10-4400-b8de-d0510cf02d08;;$ 1.550.000 100 m² tot. 4 amb. 3 dorm. 2 baños Av San Martin 2100 La Paternal, Capital Federal Ph piso unico 4 ambientes C/ balcon corrido Y terraza propia. comodidades. living comedor 8. 00 X 3. 50. cocina 3. 50 X 3. 00. Lavadero independiente. 1° dorm 3. 50 X 3. 50 com placard. 2° dorm 3. 50 X 2. 60 con placard. habitacion de servicio con baño. baño instalado completo. balcon 8. 00 X 1. 00. terraza total con lavadero/ parrilla.. Detalles. agua caliente por termotanque. cocina equipada con mueble bajo mesada, alacena colgante. mesada de granito revestimientos de azulejos. living comedor Y dormitorios piso de parquet. resto mosaico granitico muy buen estado. alquiler: 1° trimestre: $1. 550. 000. - deposito: U$ 1. 500. - requisitos: garantia propietaria A satisfaccion del propietario comprobantes de ingreso justificados gastos de luz - gas - Aysa A cargo del locatario. Las medidas, superficies y detalles consignados en el presente folleto son aproximados y a los solos efectos orientativos. Las medidas originales surgirán del título de propiedad respectivo WhatsApp Contactar
2026-07-15;4;59546408;2026-07-04;11;False;;;;Villa del Parque;Nazarre 3207 Piso 5;$ 1.200.000;ARS;400000.0;116;4;3;2;10345.0;False;True;False;True;False;False;False;https://www.zonaprop.com.ar/propiedades/clasificado/alclapin-departamento-en-alquiler-3-dorm.-frente-al-shopping-de-59546408.html?n_src=Listado&n_pills=Permite+mascotas&n_pg=4&n_pos=6&n_search_id=795683ec-3b10-4400-b8de-d0510cf02d08;;$ 1.200.000 $ 400.000 Expensas 116 m² tot. 4 amb. 3 dorm. 2 baños Nazarre 3207 Piso 5 Departamento B Villa del Parque Villa del Parque, Capital Federal Despertar con una vista abierta y tener el shopping, la estación y el centro comercial a pasos de tu casa es un privilegio que pocos disfrutan. Este amplio departamento combina espacio, ubicación y una calidad de vida difícil de igualar. Cuenta con un cómodo living comedor, cocina pasante, tres dormitorios, dependencia de servicio con baño y todos los servicios. Uno de sus grandes protagonistas es el balcón aterrazado, ideal para disfrutar del aire libre, relajarse al final del día o compartir reuniones mientras contemplás una vista espectacular sobre la avenida principal. Ubicado frente al Shopping de Villa del Parque, a solo una cuadra de la estación de tren y en pleno centro comercial, vas a tener todo al alcance: comercios, gastronomía, transporte, bancos y servicios. Si buscás un hogar con amplitud y una ubicación privilegiada, coordiná tu visita antes de que se alquile. WhatsApp Contactar
2026-07-15;4;59512235;2026-07-01;14;False;;;;Caballito;Viel 200 Caballito, Capital Federal Corredor Responsable: Hernan Perrone cucicba 2792 / mgr 170- Contacto: Gonzalo Grau. excepcional;$ 1.450.000;ARS;350000.0;96;4;3;1;15104.0;False;True;False;False;False;False;False;https://www.zonaprop.com.ar/propiedades/clasificado/alclapin-alquiler-4-ambientes-caballito-con-balcon-y-dep.-59512235.html?n_src=Listado&n_pills=Encargado&n_pg=4&n_pos=8&n_search_id=795683ec-3b10-4400-b8de-d0510cf02d08;;$ 1.450.000 $ 350.000 Expensas 96 m² tot. 4 amb. 3 dorm. 1 baño Viel 200 Caballito, Capital Federal Corredor Responsable: Hernan Perrone cucicba 2792 / mgr 170- Contacto: Gonzalo Grau. excepcional departamento de 4 ambientes con dependencia Y balcón corrido en caballito. El equipo re/max presenta en alquiler este magnífico departamento de 4 ambientes con dependencia, reciclado a nuevo, ubicado sobre la calle Viel al 200, en el barrio de Caballito, a tan solo media cuadra del Parque Rivadavia. A 2 cuadras de Av. José María Moreno, a 2 de Av. Rivadavia, Av. La Plata y a 3 de Av. Directorio. Destacando Viel como cuadra tranquila, ya que en ella no transitan colectivos. Situado en el segundo piso, al frente, esta unidad se destaca por su gran luminosidad y una excelente distribución de los ambientes. Características de la propiedad: • Tres dormitorios con amplios placares y pisos de parquet. • Living-comedor con pisos de parquet y acceso al balcón corrido. • Cocina independiente con comedor diario, de generosas dimensiones. • Baño completo y toilette. • Dependencia de servicio con baño propio. • Lavadero independiente. Detalles del edificio: • Antigüedad: 39 años. • Ascensor. • Encargado. Excelente conectividad: Rodeado de múltiples opciones de transporte público: • Colectivos: 2, 5, 8, 15, 25, 26, 36, 42, 53, 55, 56, 65, 84, 85, 86, 88, 96, 103, 104, 119, 132, 135, 141, 172, 180, 181. • Subte: Línea A (Estación Acoyte). ¿por qué elegir este departamento? Su ubicación estratégica, amplitud y luminosidad, esta propiedad es ideal para quienes buscan confort y calidad de vida en una de las zonas más buscadas de Caballito. Requisitos para el alquiler: • Garante familiar directo con garantía propietaria en caba. • Ingresos comprobables. • Un mes de adelanto y depósito de garantía (en dólares). • No acepta mascotas. ¡Contáctenos, estamos para asesorarle! Con gusto coordinaremos una visita. Rau S. R. L. No ejerce el corretaje inmobiliario. El presente sitio web es una plataforma en donde cada oficina inmobiliaria independiente que contrata los servicios re/max puede publicar las propiedades a su cargo. Cada oficina es de propiedad y gestión independiente, por lo que rau S. R. L. No interviene en los datos de la publicación, en la operación inmobiliaria, ni en la confección y/o firma del boleto de compraventa y/o escritura y/o contrato de alquiler. En cumplimiento de las leyes vigentes que regulan el corretaje inmobiliario, Ley Nacional 25. 028, Ley 22. 802 de Lealtad Comercial, Ley 24. 240 de Defensa al Consumidor, las normas del Código Civil y Comercial de la Nación y Constitucionales, los agentes/gestores no ejercen el corretaje inmobiliario. Todas las operaciones inmobiliarias son objeto de intermediación y conclusión por parte del corredor público inmobiliario colegiado a cargo de la publicación, cuyos datos se exhiben en la presente. La presente publicación describe las características esenciales del inmueble, debiéndose consultar al corredor público inmobiliario responsable de la operación por la eventual actualización de las medidas, descripciones arquitectónicas y funcionales, valores de expensas, servicios, impuestos, precios y demás información, cuyos valores son aproximados. Para los casos de alquiler de vivienda, el monto máximo de comisión que se le puede requerir a los propietarios será el equivalente al cuatro con quince centésimos por ciento (4, 15%) del valor total del respectivo contrato. Se encuentra prohibido cobrar a los inquilinos que sean personas físicas comisiones inmobiliarias y gastos de gestoría de informes. El inmueble no es accesible para personas con discapacidades físicas. Contactar
2026-07-15;4;58755233;2026-06-23;22;False;;;;Caballito;SAN JOSE DE CALASANZ 0 Caballito, Capital Federal Te presento un hermoso;$ 1.200.000;ARS;320000.0;87;4;3;2;13793.0;False;True;True;False;False;False;True;https://www.zonaprop.com.ar/propiedades/clasificado/alclapin-departamento-de-4-ambientes-en-alquiler-en-caballito-58755233.html?n_src=Listado&n_pills=Lavadero&n_pg=4&n_pos=10&n_search_id=795683ec-3b10-4400-b8de-d0510cf02d08;;$ 1.200.000 $ 320.000 Expensas 87 m² tot. 4 amb. 3 dorm. 2 baños 1 coch. SAN JOSE DE CALASANZ 0 Caballito, Capital Federal Te presento un hermoso departamento de 4 ambientes con balcon corrido al frente. Se trata de una unidad ubicada en un 8vo piso con ingreso de luz natural en todos los ambientes, hiper luminoso. El mismo esta compuesto por una cocina y lavadero independientes, un amplio living comedor con pisos de parquet en impecable estado, ingreso al balcon, y 3 dormitorios que ventilan al exterior vistas abiertas e ingreso de luz permanente. Tiene un baño completo con bañera y un toilette. Ubicacion inmejorable pleno Caballito. Digno de visitar. Comercializa Migliorisi de Corrientes 5500 srl Profesional responsable Diego F Migliorisi cpi263. Ver datos Se deja constancia que las caracteristicas, medidas, expensas y superficies consignadas son aproximadas, sujetos a verificación y/o ajuste. El precio del inmueble puede ser modificado sin previo aviso. Fotos de carácter no contractual. Las unidades publicadas están sujetas a disponibilidad. . Publicado por Migliorisi Villa Crespo a traves de Inmomap Contactar
2026-07-15;4;59518291;2026-07-04;11;False;;;;Floresta;Av Avellaneda A al 3900 Floresta, Capital Federal Excelente;$ 950.000;ARS;290000.0;81;4;3;2;11728.0;False;False;False;False;False;False;True;https://www.zonaprop.com.ar/propiedades/clasificado/alclapin-departamento-en-floresta-59518291.html?n_src=Listado&n_pills=Lavadero&n_pg=4&n_pos=11&n_search_id=795683ec-3b10-4400-b8de-d0510cf02d08;;$ 950.000 $ 290.000 Expensas 81 m² tot. 4 amb. 3 dorm. 2 baños Av Avellaneda A al 3900 Floresta, Capital Federal Excelente departamento de cuatro ambientes en alquiler, con una hermosa vista abierta, muy aireado y luminoso. La propiedad cuenta con amplios ambientes, todos con placares, ofreciendo comodidad y una excelente distribución. Dispone de una cómoda cocina con comedor diario y lavadero independiente, ideal para el uso cotidiano. Su luminosidad y ventilación natural hacen de esta unidad una excelente opción para vivir. Contrato a 24 meses con actualización trimestral por ipc. Se acepta seguro de caución. Venga a visitarlo. cucicba 142Diro PropiedadesAgente Raúl Maleh WhatsApp Contactar
2026-07-15;4;45866075;2026-06-23;22;False;;;;Caballito;"Senillosa 12 Caballito, Capital Federal Ubicacion. Senillosa N°12 - Piso 10° - a 10 metros de Av. Rivadavia; a 100 metros de subte estación Río de Janeiro, y de Av. La Plata, a 200 metros del parque Rivadavia. Y cochera a 200m. estado del inmueble. Se entrega recién pintado con los pisos de roble conservados en su plastificado. Caracteristicas y orientacion. Todo luz y sol! Con balcon corrido al frente. Orientacion so y ne en su contrafrente. Edificio señorial con seguridad las 24 hs y grupo electrógeno. Comodidades: Pallier de ingreso semi-privado y entrada de servicio. Amplio Living comedor de 7, 15 x 3, 00 metros, con salida al balcón 4, 60 por 1, 20 metros. - Toilette con ducha. Cocina comedor de 4, 45 x 2, 20 metros, conectado a amplio lavadero de 1, 90 x 1, 30 metros con conexión y ténder de techo. A este lavadero se ingresa por la puerta de servicio, por donde se puede acceder a las escaleras y ascensor de servicio. - Dormitorio principal de 4, 00 x 2, 90 metros más amplio placard de pared, todos, muy bien provistos internamente con cajoneras y estantes. Segundo dormitorio de 3, 55 x 2, 90 metros más amplio placard. - Tercer dormitorio de 3, 60 x 2, 00 metros con placard incluido. - Baño principal a nuevo- Segundo baño y cocina ""Vintage"" Servio de agua caliente individual - calefacción por expensas- no se aceptan mascotas. Expensas: . - incluye losa radiante- abl. Aysa: Condiciones:";$ 1.500.000;ARS;390000.0;90;4;3;1;16667.0;False;True;True;False;False;False;False;https://www.zonaprop.com.ar/propiedades/clasificado/alclapin-caballito-4-amb-piso-10-bcon-corrido-fte-coch-45866075.html?n_src=Listado&n_pills=Lavadero&n_pg=4&n_pos=12&n_search_id=795683ec-3b10-4400-b8de-d0510cf02d08;;"$ 1.500.000 $ 390.000 Expensas 90 m² tot. 4 amb. 3 dorm. 1 baño 1 coch. Senillosa 12 Caballito, Capital Federal Ubicacion. Senillosa N°12 - Piso 10° - a 10 metros de Av. Rivadavia; a 100 metros de subte estación Río de Janeiro, y de Av. La Plata, a 200 metros del parque Rivadavia. Y cochera a 200m. estado del inmueble. Se entrega recién pintado con los pisos de roble conservados en su plastificado. Caracteristicas y orientacion. Todo luz y sol! Con balcon corrido al frente. Orientacion so y ne en su contrafrente. Edificio señorial con seguridad las 24 hs y grupo electrógeno. Comodidades: Pallier de ingreso semi-privado y entrada de servicio. Amplio Living comedor de 7, 15 x 3, 00 metros, con salida al balcón 4, 60 por 1, 20 metros. - Toilette con ducha. Cocina comedor de 4, 45 x 2, 20 metros, conectado a amplio lavadero de 1, 90 x 1, 30 metros con conexión y ténder de techo. A este lavadero se ingresa por la puerta de servicio, por donde se puede acceder a las escaleras y ascensor de servicio. - Dormitorio principal de 4, 00 x 2, 90 metros más amplio placard de pared, todos, muy bien provistos internamente con cajoneras y estantes. Segundo dormitorio de 3, 55 x 2, 90 metros más amplio placard. - Tercer dormitorio de 3, 60 x 2, 00 metros con placard incluido. - Baño principal a nuevo- Segundo baño y cocina ""Vintage"" Servio de agua caliente individual - calefacción por expensas- no se aceptan mascotas. Expensas: . - incluye losa radiante- abl. Aysa: Condiciones: Alquiler inicial $. - con ajuste cuatrimestral por icl. Depósito: Ingresos demostrables. Garante de Capital - Prov si es fliar + Gastos de informes y certificación del garante. ó Seguro de Finaer-Premiun WhatsApp Contactar"
2026-07-15;4;59592716;2026-07-12;3;True;;;;Villa Devoto;Vallejos 3300 Villa Devoto, Capital Federal Corredor Responsable: Rene Vera cucicba 6778 / csi 5848- Contacto: Fernando Bolten. Depto 4 amb con Balcon y Cochera - Terraza con Jacuzzi - Apto Credito y Permuta. características principales: • Direccion: Vallejos 3360. • Localidad: Villa Devoto. • Tipo de Inmueble:;USD 1.300;USD;200000.0;87;4;3;2;22414.0;True;True;True;True;False;False;False;https://www.zonaprop.com.ar/propiedades/clasificado/alclapin-alquiler-depto-4-amb-cochera-v.-devoto-59592716.html?n_src=Listado&n_pills=Permite+mascotas&n_pg=4&n_pos=13&n_search_id=795683ec-3b10-4400-b8de-d0510cf02d08;;"USD 1.300 $ 200.000 Expensas 87 m² tot. 4 amb. 3 dorm. 2 baños 1 coch. Vallejos 3300 Villa Devoto, Capital Federal Corredor Responsable: Rene Vera cucicba 6778 / csi 5848- Contacto: Fernando Bolten. Depto 4 amb con Balcon y Cochera - Terraza con Jacuzzi - Apto Credito y Permuta. características principales: • Direccion: Vallejos 3360. • Localidad: Villa Devoto. • Tipo de Inmueble: Departamento. • Superficie cubierta: 79 m² • Superficie semicubierta: 8 m² • Superficie total: 87 m² • Ambientes: 4. • Dormitorios: 3. • Baños: 2 con bañera. • Cochera: 1. • Antigüedad: 10 años. • Calefacción: Losa radiante y cuenta con aires acondicionados en habitaciones. • Balcón: amplio en living/comedor y en habitación principal. • Edificio de 7 pisos, 13 departamentos. • Terraza: 2. • Solarium con jacuzzi. • Transportes cercanos: 57, 78, 87, 107, 108, 114, 123, 176, Estacion El Libertador (Urquiza) condiciones de alquiler: • Contrato por 2 años. • Acepta mascotas (dependiendo el caso) • Garantía propietaria en caba o seguro de caución. • 1 mes de depósito. • 1 mes de alquiler por adelantado. beneficios A clientes re/max: Podés solicitar un préstamo de hasta un 30% del valor de la propiedad a través de Lendar, servicio exclusivo para clientes re/max. Hace la simulación de tu cuota en el simulador de la web:. ar/ Las medidas, superficies y expensas consignadas en la presente son aproximadas; y al solo efecto orientativo. Los datos definitivos son los que surgirán del título de la propiedad y de los comprobantes respaldatorios. Rau S. R. L. No ejerce el corretaje inmobiliario. El presente sitio web es una plataforma en donde cada oficina inmobiliaria independiente que contrata los servicios re/max puede publicar las propiedades a su cargo. Cada oficina es de propiedad y gestión independiente, por lo que rau S. R. L. No interviene en los datos de la publicación, en la operación inmobiliaria, ni en la confección y/o firma del boleto de compraventa y/o escritura y/o contrato de alquiler. En cumplimiento de las leyes vigentes que regulan el corretaje inmobiliario, Ley Nacional 25. 028, Ley 22. 802 de Lealtad Comercial, Ley 24. 240 de Defensa al Consumidor, las normas del Código Civil y Comercial de la Nación y Constitucionales, los agentes/gestores no ejercen el corretaje inmobiliario. Todas las operaciones inmobiliarias son objeto de intermediación y conclusión por parte del corredor público inmobiliario colegiado a cargo de la publicación, cuyos datos se exhiben en la presente. La presente publicación describe las características esenciales del inmueble, debiéndose consultar al corredor público inmobiliario responsable de la operación por la eventual actualización de las medidas, descripciones arquitectónicas y funcionales, valores de expensas, servicios, impuestos, precios y demás información, cuyos valores son aproximados. Para los casos de alquiler de vivienda, el monto máximo de comisión que se le puede requerir a los propietarios será el equivalente al cuatro con quince centésimos por ciento (4, 15%) del valor total del respectivo contrato. Se encuentra prohibido cobrar a los inquilinos que sean personas físicas comisiones inmobiliarias y gastos de gestoría de informes. El inmueble no es accesible para personas con discapacidades físicas. WhatsApp Contactar"
2026-07-15;4;59473125;2026-06-26;19;False;;;;Caballito;Yerbal 400 Caballito, Capital Federal 4 Ambientes con Cochera en lo Mejor de Caballito! - Súper Luminoso y Pet Friendly. Alquiler: $ 1. 500. 000 (Alquiler sin muebles) Expensas: $ 340. 000. Características Principales. Superficie: 130 m² totales (130 m² cubiertos). Disposición: Frente (Orientación Norte, luz natural garantizada todo el día). Ambientes: 4 (Gran living comedor y 3 dormitorios amplios). Baños: 3 completos (ideal para familias). Cochera: 1 cochera privada cubierta incluida. Antigüedad: 35 años (sólida construcción, impecable estado de conservación). Mascotas: ¡Muy bienvenidas! Descripción del Inmueble. Si buscás amplitud, luminosidad y una ubicación estratégica, este;$ 1.500.000;ARS;340000.0;130;4;3;3;11538.0;True;True;True;False;False;False;True;https://www.zonaprop.com.ar/propiedades/clasificado/alclapin-alquiler-departamento-4-ambientes-en-caballito-59473125.html?n_src=Listado&n_pills=Permite+mascotas&n_pg=4&n_pos=15&n_search_id=795683ec-3b10-4400-b8de-d0510cf02d08;;$ 1.500.000 $ 340.000 Expensas 130 m² tot. 4 amb. 3 dorm. 3 baños 1 coch. Yerbal 400 Caballito, Capital Federal 4 Ambientes con Cochera en lo Mejor de Caballito! - Súper Luminoso y Pet Friendly. Alquiler: $ 1. 500. 000 (Alquiler sin muebles) Expensas: $ 340. 000. Características Principales. Superficie: 130 m² totales (130 m² cubiertos). Disposición: Frente (Orientación Norte, luz natural garantizada todo el día). Ambientes: 4 (Gran living comedor y 3 dormitorios amplios). Baños: 3 completos (ideal para familias). Cochera: 1 cochera privada cubierta incluida. Antigüedad: 35 años (sólida construcción, impecable estado de conservación). Mascotas: ¡Muy bienvenidas! Descripción del Inmueble. Si buscás amplitud, luminosidad y una ubicación estratégica, este departamento es para vos. Ubicado en el corazón de Caballito, en la zona más comercial y conectada del barrio, a tan solo pasos del nodo Av. Rivadavia y Av. Acoyte. Tendrás a disposición el Subte Línea A, innumerables líneas de colectivo y una oferta comercial y gastronómica inigualable. El departamento destaca por su excelente estado de mantenimiento y su distribución funcional: Living-comedor de gran tamaño con salida a un amplio balcón a la calle, perfecto para disfrutar de la vista abierta y la excelente orientación Norte. 3 dormitorios cómodos con muy buen espacio de guardado. 3 baños perfectamente distribuidos. Cocina independiente y funcional, con excelente ventilación. Todo el departamento es súper luminoso y se entrega en perfectas condiciones, listo para habitar. Condiciones del Alquiler. Tipo de contrato: Alquiler tradicional (2 años). Requisitos de ingreso: Únicamente con Seguro de Caución o Garantía Propietaria de caba. ¿Te interesa coordinar una visita? Dejanos tu consulta y nos comunicamos con vos a la brevedad. ¡No te pierdas la oportunidad de vivir en una de las mejores zonas de Buenos Aires! WhatsApp Contactar
2026-07-15;4;59550189;2026-07-06;9;False;;;;Caballito;Rosario 841. Entre San josé de calasanz y Del barco centenera Caballito, Capital Federal Alquiler de;$ 1.300.000;ARS;200000.0;71;4;3;1;18310.0;True;True;False;False;False;False;False;https://www.zonaprop.com.ar/propiedades/clasificado/alclapin-alquiler-departamento-4-ambientes-rosario-al-800-59550189.html?n_src=Listado&n_pills=Luminoso&n_pg=4&n_pos=17&n_search_id=795683ec-3b10-4400-b8de-d0510cf02d08;;"$ 1.300.000 $ 200.000 Expensas 71 m² tot. 4 amb. 3 dorm. 1 baño Rosario 841. Entre San josé de calasanz y Del barco centenera Caballito, Capital Federal Alquiler de Departamento 4 Ambientes en Caballito, Capital Federal. 4 ambientes al frente con balcón ubicado sobre la calle Rosario 841, en pleno Barrio de Caballito. La propiedad se distribuye en un amplio living comedor con salida al balcón, cocina independiente, tres dormitorios, un baño completo y espacios funcionales que permiten adaptar uno de los ambientes como escritorio o espacio de trabajo. Cocina equipada con alacenas y muebles bajomesada. Lavadero incorporado. 2 dormitorios con vista hacia el contrafrente (Av. Rivadavia). El 3er. Dormitorio con vista hacia la calle Rosario. Excelente ubicación situado a metros del subte línea ""A"" Estación Primera Junta. Asimismo, con conectividad a múltiples líneas de colectivo tanto sobre la calle Rosario como por Av. Rivadavia. Cercanía a área comercial, comercios, colegios y espacios verdes y de recreación como Parque Rivadavia y Parque Centenario, entre otros. El edificio cuenta con 3 ascensores, encargado y acceso para personas con movilidad reducida. Permite mascotas. Alemany propiedades // C. U. C. I.. B. A. Mat.: 2878 - cuit: Ver datos-8 // Aviso Legal.: Se deja constancia que toda la información expuesta, medidas, valor de expensas, impuestos y servicios de este inmueble son aproximados y pueden no estar actualizados al momento de visualización del presente aviso pudiendo surgir diferencias con respecto a las que surgen de las facturas, títulos y planos legales del inmueble, no comprometiendo contractualmente a nuestra empresa, las que deberán ser ratificados con la documentación pertinente proporcionada por el propietario previo a la realización de cualquier operación, requiriendo por sí o sus profesionales las copias necesarias de la documentación que corresponda. Fotografías no vinculantes ni contractuales. Venta supeditada al cumplimiento por parte del propietario de los requisitos de la resolución general Nº 2371 de la afip (pedido de coti). xintel(any-any-603) WhatsApp Contactar"
2026-07-15;4;59576758;2026-07-12;3;True;;;;Floresta;Baradero 0 Floresta, Capital Federal Corredor Responsable: Fiorella Velardez cpi 8214 / cmcpdjlm 1022- Contacto: Roxana Lemmi.;$ 1.400.000;ARS;200000.0;145;4;3;1;9655.0;False;True;False;False;False;True;True;https://www.zonaprop.com.ar/propiedades/clasificado/alclapin-alquiler-departamento-4-amb-con-parrilla-floresta-59576758.html?n_src=Listado&n_pills=Parrilla&n_pg=4&n_pos=18&n_search_id=795683ec-3b10-4400-b8de-d0510cf02d08;;$ 1.400.000 $ 200.000 Expensas 145 m² tot. 4 amb. 3 dorm. 1 baño Baradero 0 Floresta, Capital Federal Corredor Responsable: Fiorella Velardez cpi 8214 / cmcpdjlm 1022- Contacto: Roxana Lemmi. departamento 4 ambientes en alquiler en floresta capital federal. Departamento ubicado en el piso 11 de un edificio de 12 pisos sobre la avenida Baradero, en la zona de Floresta. La propiedad cuenta con 145 m² de superficie total, distribuidos en 85 m² cubiertos, 24 m² semicubiertos y 36 m² descubiertos que conforman espacios versátiles y luminosos. La distribución comprende 4 ambientes principales: 3 dormitorios, 1 baño completo, 1 toilette, living comedor integrado con cocina, lavadero y balcón. Todos los espacios se encuentran en muy buen estado de conservación, con placard en dormitorios y orientación este que garantiza excelente iluminación natural durante la mayor parte del día. El edificio, construido en 1983, mantiene una estructura sólida y funcional. La ubicación estratégica sobre Baradero ofrece acceso directo a comercios, transporte público y servicios de la zona. El balcón y la parrilla privada constituyen espacios adicionales ideales para disfrutar del aire libre sin abandonar la comodidad del hogar. Esta propiedad resulta especialmente atractiva para familias que buscan una vivienda con buena relación de espacios, en un barrio consolidado con infraestructura completa y proximidad a centros educativos y de salud. La altura del piso proporciona privacidad y vistas despejadas, características valoradas en el mercado inmobiliario actual. Rau S. R. L. No ejerce el corretaje inmobiliario. El presente sitio web es una plataforma en donde cada oficina inmobiliaria independiente que contrata los servicios re/max puede publicar las propiedades a su cargo. Cada oficina es de propiedad y gestión independiente, por lo que rau S. R. L. No interviene en los datos de la publicación, en la operación inmobiliaria, ni en la confección y/o firma del boleto de compraventa y/o escritura y/o contrato de alquiler. En cumplimiento de las leyes vigentes que regulan el corretaje inmobiliario, Ley Nacional 25. 028, Ley 22. 802 de Lealtad Comercial, Ley 24. 240 de Defensa al Consumidor, las normas del Código Civil y Comercial de la Nación y Constitucionales, los agentes/gestores no ejercen el corretaje inmobiliario. Todas las operaciones inmobiliarias son objeto de intermediación y conclusión por parte del corredor público inmobiliario colegiado a cargo de la publicación, cuyos datos se exhiben en la presente. La presente publicación describe las características esenciales del inmueble, debiéndose consultar al corredor público inmobiliario responsable de la operación por la eventual actualización de las medidas, descripciones arquitectónicas y funcionales, valores de expensas, servicios, impuestos, precios y demás información, cuyos valores son aproximados. Para los casos de alquiler de vivienda, el monto máximo de comisión que se le puede requerir a los propietarios será el equivalente al cuatro con quince centésimos por ciento (4, 15%) del valor total del respectivo contrato. Se encuentra prohibido cobrar a los inquilinos que sean personas físicas comisiones inmobiliarias y gastos de gestoría de informes. El inmueble no es accesible para personas con discapacidades físicas. Contactar
2026-07-15;4;59316526;2026-06-23;22;False;;;;Floresta;GAONA 4400 Floresta, Capital Federal ¡nuevo ingreso en alquiler! Espectacular 4 Ambientes al Frente en Floresta. ¿Buscás espacio, luz natural y comodidad para toda tu familia en Capital Federal? Te presentamos este;USD 1.;USD;325850.0;80;4;3;2;19.0;False;True;True;False;False;False;True;https://www.zonaprop.com.ar/propiedades/clasificado/alclapin--nuevo-ingreso-en-alquiler!-espectacular-4-ambientes-59316526.html?n_src=Listado&n_pills=Lavadero&n_pg=4&n_pos=19&n_search_id=795683ec-3b10-4400-b8de-d0510cf02d08;;$ 1.200.000 $ 325.850 Expensas 80 m² tot. 4 amb. 3 dorm. 2 baños 1 coch. GAONA 4400 Floresta, Capital Federal ¡nuevo ingreso en alquiler! Espectacular 4 Ambientes al Frente en Floresta. ¿Buscás espacio, luz natural y comodidad para toda tu familia en Capital Federal? Te presentamos este departamento único en el barrio de Floresta, destacado por su distribución funcional y sus amplios ambientes. Lo que te va a encantar de esta propiedad: ? El espacio social: Gran living comedor con salida a un hermoso balcón corrido al frente, ideal para disfrutar de una vista abierta. ? Comodidad familiar: 3 Dormitorios súper luminosos (¡todos con placard empotrado!) y 2 baños completos para la comodidad de todos. ? Servicios: Cocina independiente muy cómoda con lavadero integrado. ? Tu auto protegido: Incluye cochera cubierta propia en el edificio. Condiciones y Requisitos: Contrato por 24 meses - Ajuste trimestral por ipc. Garantía propietaria o seguro de caución + demostración de ingresos. Expensas (Ref. Abril 2026): $325. 850.  Depósito en garantía: usd 1. 000. - (Medidas orientativas). ¡El hogar que tu familia necesita en Floresta! #BurgosMoroni #Alquilercaba #Floresta #4Ambientes #ConCochera #DepartamentoFamiliar #AlquilerAlFrente #InmobiliariaZonaOeste. inmobiliaria en ramos mejia. xintel(hxm-hxm-9) WhatsApp Contactar
2026-07-15;4;59480770;2026-07-04;11;False;;;;Caballito;"Avenida San Martin 2130 Caballito Norte, Caballito A metros del cruce entre la avenida San Martin y la Avenida Juan B. Justo, con innumerables lineas de colectivos que nos conectan con toda la Capital Federal, comercios, establecimientos educativos y parques, ofrecemos esta cómoda unidad que cuenta con una entrada por el living comedor con acceso al balcón, y otra de servicio a la cocina. Grande y con comedor diario. En las fotos se aprecia el amplio amueblamiento. Lavadero y cuarto de servicio con su toilette. Los dormitorios, dos ventilando al frente y otro al aire y luz, todos con placard. Baño completo y toilette en el pasillo. Una unidad atractiva por lo funcional, con la comodidad de la calefacción central. Contrato a dos años, actualizado cuatrimestralmente por ipcba. Requisitos: -Garantía propietaria o seguro de caución. -Demostración de ingresos. -Mes adelantado. -Mes de depósito a valor inicial, o en dólares fijo. -Certificación de firmas e informes (pueden ser brindandos por la persona reservante) no cobramos comisión. ""Propiedad no accesible para personas con movilidad reducida Ley 5115"" Servicios: Electricidad, Cloacas, Gas, Agua Corriente. Otros Servicios: Dependencia, Balcón. Las Imágenes son meramente ilustrativas, no contractuales. Las superficies, medidas y expensas aquí citadas son aproximadas al solo efecto informativo y no resultan vinculantes, las reales serán las que surgen de planos, título de propiedad y recibo de expensas que deberán ser suministrados por el propietario. El valor de expensas está sujeto a variación. El precio del inmueble puede ser modificado sin previo aviso. Kon propiedades matricula cucicba 3670";$ 1.150.000;ARS;426000.0;80;4;3;3;14375.0;False;True;False;False;False;False;False;https://www.zonaprop.com.ar/propiedades/clasificado/alclapin-alquiler-cuatro-ambientes-excelente-zona-59480770.html?n_src=Listado&n_pills=Lavadero&n_pg=4&n_pos=20&n_search_id=795683ec-3b10-4400-b8de-d0510cf02d08;;"$ 1.150.000 8% $ 426.000 Expensas 80 m² tot. 4 amb. 3 dorm. 3 baños Avenida San Martin 2130 Caballito Norte, Caballito A metros del cruce entre la avenida San Martin y la Avenida Juan B. Justo, con innumerables lineas de colectivos que nos conectan con toda la Capital Federal, comercios, establecimientos educativos y parques, ofrecemos esta cómoda unidad que cuenta con una entrada por el living comedor con acceso al balcón, y otra de servicio a la cocina. Grande y con comedor diario. En las fotos se aprecia el amplio amueblamiento. Lavadero y cuarto de servicio con su toilette. Los dormitorios, dos ventilando al frente y otro al aire y luz, todos con placard. Baño completo y toilette en el pasillo. Una unidad atractiva por lo funcional, con la comodidad de la calefacción central. Contrato a dos años, actualizado cuatrimestralmente por ipcba. Requisitos: -Garantía propietaria o seguro de caución. -Demostración de ingresos. -Mes adelantado. -Mes de depósito a valor inicial, o en dólares fijo. -Certificación de firmas e informes (pueden ser brindandos por la persona reservante) no cobramos comisión. ""Propiedad no accesible para personas con movilidad reducida Ley 5115"" Servicios: Electricidad, Cloacas, Gas, Agua Corriente. Otros Servicios: Dependencia, Balcón. Las Imágenes son meramente ilustrativas, no contractuales. Las superficies, medidas y expensas aquí citadas son aproximadas al solo efecto informativo y no resultan vinculantes, las reales serán las que surgen de planos, título de propiedad y recibo de expensas que deberán ser suministrados por el propietario. El valor de expensas está sujeto a variación. El precio del inmueble puede ser modificado sin previo aviso. Kon propiedades matricula cucicba 3670 WhatsApp Contactar"
2026-07-15;4;58556427;2026-06-23;22;False;;;;Flores;Av. Varela 1400. Entre Avelino Díaz y Balbastro Flores, Capital Federal Alquiler de;$ 800.000;ARS;110000.0;78;4;3;2;10256.0;False;True;False;False;False;False;False;https://www.zonaprop.com.ar/propiedades/clasificado/alclapin-departamento-4-ambientes.-av-varela-al-1400-58556427.html?n_src=Listado&n_pills=Luminoso&n_pg=4&n_pos=21&n_search_id=795683ec-3b10-4400-b8de-d0510cf02d08;;"$ 800.000 $ 110.000 Expensas 78 m² tot. 4 amb. 3 dorm. 2 baños Av. Varela 1400. Entre Avelino Díaz y Balbastro Flores, Capital Federal Alquiler de Departamento 4 Ambientes en Flores, Capital Federal. torre sobre Av. Varela al 1400; es un completo de 3 Torres con cerco perimetral. La unidad se encuentra en último piso al contra frente. El edificio cuenta con 2 ascensores y cuatro departamentos por piso. Se ingresa por el hall de entrada desde el cual se accede a la cocina con ventana al contra frente, cuenta con mesada de granito, bajo mesada y un mueble auxiliar; desde el hall también se accede al living comedor por el cual se puede salir al balcón principal que da al contra frente; desde el living comedor, por un hall de distribución se va a los dormitorios, el primero, con placard, también tiene salida al balcón principal, continuando por el hall se llega al segundo dormitorio con placard y ventana al contra frente; al baño principal con bañera; al toillette y al tercer dormitorio que cuenta con un pequeño balcón de uso exclusivo. - El estado general es bueno, aunque requiere una puesta en valor. La unidad no cuenta con gas natural. - El departamento tiene todos los servicios Eléctricos. - El barrio cuenta con una variedad de negocios, supermercados a unas 2 o 3 cuadras, la estación Varela del subte ""E"", varias líneas de colectivo que pasan por Av. Eva Perón y por Av. Varela. A metros del Hospital Parmenio Piñero, la zona cuenta además con colegios tanto privados como públicos, centros deportivos y religiosos. Contrato 24 meses, actualización trimestral por icl. Las medidas exactas surgen del título de propiedad. Las fotos son ilustrativas, de carácter no contractual. La parte vendedora cumplirá con los requisitos de la resolución general 2371 ante afip (C. O. T. I.) a la brevedad. El precio del inmueble puede ser modificado. Toda información es a efecto orientativo. Walter Navarro cucicba 448xintel(apf-apf-278) WhatsApp Contactar"
2026-07-15;4;59586246;2026-07-10;5;True;;;;Caballito;Avenida Rivadavia 5015 Parque Rivadavia, Caballito;$ 1.500.000;ARS;238000.0;92;4;3;1;16304.0;False;True;False;False;False;False;False;https://www.zonaprop.com.ar/propiedades/clasificado/alclapin-departamento-de-4-ambientes-en-alquiler-en-caballito.-59586246.html?n_src=Listado&n_pills=Permite+mascotas&n_pg=4&n_pos=23&n_search_id=795683ec-3b10-4400-b8de-d0510cf02d08;;$ 1.500.000 $ 238.000 Expensas 92 m² tot. 4 amb. 3 dorm. 1 baño Avenida Rivadavia 5015 Parque Rivadavia, Caballito Departamento en alquiler ubicado Rivadavia y Acoyte con una superficie construida de 80 m² y 92 m² de superficie total. La propiedad de 4 ambientes cuenta con living comedor, cocina, lavadero, 3 dormitorios, 1 baño completo, 1 toilette, balcón y un patio techado o jardín de invierno.. El departamento cuenta con aire acondicionado en el living comedor. Pisos de parqué plastificados. Posee acceso para personas con movilidad reducida. Ubicado en el centro de la ciudad la zona ofrece una excelente conectividad mediante múltiples líneas de colectivos y la línea A de subte. El entorno es residencial y muy comercial, con cercanía a escuelas, centros de salud y el tradicional parque. Para info, consultas y visitas comunicarse por wpp al Ver datos WhatsApp Contactar
2026-07-15;4;59154645;2026-06-23;22;False;;;;Villa del Parque;CUENCA 3400. Entre Beiro, Francisco, Avda. y Jose Pedro Varela Villa del Parque, Capital Federal Alquiler de;$ 1.300.000;ARS;203900.0;85;4;3;2;15294.0;False;True;False;False;False;False;False;https://www.zonaprop.com.ar/propiedades/clasificado/alclapin-semipiso-4-amb.-con-balcon-corrido-al-frente-59154645.html?n_src=Listado&n_pills=Permite+mascotas&n_pg=4&n_pos=24&n_search_id=795683ec-3b10-4400-b8de-d0510cf02d08;;$ 1.300.000 $ 203.900 Expensas 85 m² tot. 4 amb. 3 dorm. 2 baños CUENCA 3400. Entre Beiro, Francisco, Avda. y Jose Pedro Varela Villa del Parque, Capital Federal Alquiler de Departamento 4 ambientes en Villa del Parque, Capital Federal. semipiso al frente con doble circulacion. - Hermoso Living Comedor con Puerta Bancón 6 x 3. - Balcón Corrido 8 x 1, 60 con protección para niños. - Cocina con espacio lavadero integrado 4 x 2, 50. - Dormitorio Principal con Placard con vista al frente 3, 20 x 3. - Otro dormitorio con placard al contrafrente. - Otro dormitorio más pequeño. - Baño completo. - Toillete. - apto profesional - # inmejorable ubicacion# - plena zona comercial de villa del parque. - A mts. De av. Beiro. - A 100 mts. De av. San martin. - A 300 mts. De av. Nazca. - A 300 mts. De la estacion villa del parque del Ferrocarril san martin. - Colectivos: 47, 57, 78, 80, 84, 105, 108, 110, 134, 146, etc. -Requisitos: seguro de caucion preferentemente. + recibos de sueldo O constancias de ingresos. - se acepta 1 mascota de tamaño pequeño - Visitá nuestra página Web y Fan Page. -Las medidas indicadas son aproximadas, solo a título orientativo. xintel(cim-cim-988) WhatsApp Contactar
2026-07-15;4;59495096;2026-07-04;11;False;;;;Floresta;Emilio Lamarca 362 Floresta Norte, Floresta;$ 850.000;ARS;130000.0;77;4;3;1;11039.0;False;True;False;False;False;False;False;https://www.zonaprop.com.ar/propiedades/clasificado/alclapin-departamento-de-4-ambientes-en-alquiler-zona-floresta-59495096.html?n_src=Listado&n_pills=Lavadero&n_pg=4&n_pos=25&n_search_id=795683ec-3b10-4400-b8de-d0510cf02d08;;$ 850.000 $ 130.000 Expensas 77 m² tot. 4 amb. 3 dorm. 1 baño Emilio Lamarca 362 Floresta Norte, Floresta Departamento de 4 ambientes en alquiler ubicado al frente en la zona de Floresta. La unidad cuenta con 58 m² de superficie construida y 77 m² de superficie total. El diseño interior incluye living comedor integrado, cocina equipada con termotanque, lavadero, 2 dormitorios y 1 baño completo. El espacio exterior destaca por un balcón corrido al frente con excelente entrada de luz natural. El edificio posee ascensor y expensas. El barrio ofrece un entorno familiar y tranquilo, con conectividad hacia avenidas principales, acceso a diversas líneas de colectivos, comercios de cercanía, supermercados y colegios en los alrededores. WhatsApp Contactar
2026-07-15;4;52487866;2026-06-23;22;False;;;;Floresta;Rivadavia 8000 Floresta, Capital Federal Amplio;$ 850.000;ARS;280000.0;90;4;3;2;9444.0;False;True;False;False;False;False;False;https://www.zonaprop.com.ar/propiedades/clasificado/alclapin-av-rivadavia-8000-departamento-de-4-ambientes-52487866.html?n_src=Listado&n_pills=Lavadero&n_pg=4&n_pos=26&n_search_id=795683ec-3b10-4400-b8de-d0510cf02d08;;"$ 850.000 $ 280.000 Expensas 90 m² tot. 4 amb. 3 dorm. 2 baños Rivadavia 8000 Floresta, Capital Federal Amplio departamento ubicado en el corazón de floresta en un piso 10 con disposición al frente. El mismo posee doble circulación, 3 dormitorios (todos con placards y espacio de guardado), 2 baños de los cuales 1 es completo) y balcón corrido, amplia cocina, dependencia de servicio con baño propio (que puede ser una cuarta habitación o escritorio) y lavadero. Sobre Avenida Rivadavia, a tan solo 3 cuadras de la estación Floresta del Ferrocarril Sarmiento y a 5 cuadras de la estación de subte San Pedrito (Línea A). Maximiliano Avila Mat. N° 4887 Inciso 8 del artículo 10 de la Ley 2340 (texto consolidado según Ley N° 5666). Para los casos de alquiler de vivienda, el monto máximo de comisión que se le puede requerir a los propietarios será el equivalente al cuatro con quince centésimos por ciento (4, 15) del valor total del respectivo contrato. Se encuentra prohibido cobrar a los inquilinos que sean personas físicas comisiones inmobiliarias y gastos de gestoría de informes"", segun Art. 4 de la Ley 5. 859 de C. A. B. A. El edificio no cuenta con accesibilidad para personas con movilidad reducida (Ley 5115) ” WhatsApp Contactar"
2026-07-15;4;58677063;2026-06-23;22;False;;;;Villa del Parque;Álvarez Jonte 2909 Villa del Parque, Capital Federal;$ 1.290.000;ARS;300000.0;110;4;3;1;11727.0;False;False;False;False;False;False;True;https://www.zonaprop.com.ar/propiedades/clasificado/alclapin-alvarez-jonte-2900-depto-4-ambientes-mas-dependencia-58677063.html?n_src=Listado&n_pills=Lavadero&n_pg=4&n_pos=27&n_search_id=795683ec-3b10-4400-b8de-d0510cf02d08;;$ 1.290.000 $ 300.000 Expensas 110 m² tot. 4 amb. 3 dorm. 1 baño Álvarez Jonte 2909 Villa del Parque, Capital Federal Departamento 4 ambientes con dependencia, cocina con comedor diario, Gran living en L con vista al frente, orientación este, muy luminoso, 1 baño completo, 1 toilette y 1 baño de servicio, lavadero. Entrada de servicio. Excelente ubicación, av nazca y alvarez jonte. Requisitos: -D1. 000 de deposito. -Garantia propietaria de caba, o seguro de caucion respaldar. -Aumento cuatrimestral por indice ipc. -Ingresos demostrables. -Grupo familiar acorde a la unidad. -Seguro contra incendio. -No acepta mascotas. -Comisión a cargo de los propietarios. Para los casos de alquiler de vivienda, el monto máximo de comisión que se le puede requerir a los propietarios será el equivalente al cuatro con quince centésimos por ciento (4, 15%) del valor total del respectivo contrato. Se encuentra prohibido cobrar a los inquilinos que sean personas físicas comisiones inmobiliarias y gastos de gestoría de informes. Matricula Nº 1589. WhatsApp Contactar
2026-07-15;4;59261829;2026-06-23;22;False;;;;Villa del Parque;Av Beiro al 3500 Villa del Parque, Capital Federal Hermoso;$ 1.300.000;ARS;250000.0;80;4;2;1;16250.0;False;True;False;False;False;False;False;https://www.zonaprop.com.ar/propiedades/clasificado/alclapin-departamento-de-3-ambientes-con-dependencia-59261829.html?n_src=Listado&n_pills=Aire+acondicionado&n_pg=4&n_pos=28&n_search_id=795683ec-3b10-4400-b8de-d0510cf02d08;;"$ 1.300.000 $ 250.000 Expensas 80 m² tot. 4 amb. 2 dorm. 1 baño Av Beiro al 3500 Villa del Parque, Capital Federal Hermoso departamento al frente de tres ambientes con dependencia de servicioLiving comedor con pisos de parquet y salida a balcon corrido al frenteCocina independiente, comedor diarioDependencia de servicio con baño Dos dormitorios con placard empotrado y pisos de maderaBaño completo con bañera y toilette de recepcionRequisitosGarantia propietaria caba o Provincia. Seguro de Caucion FinaerIngresos comprobables propiosNo se aceptan mascotascucicba Mat 7831 / cucicba Mat 8020&quot;Se encuentra prohibido cobrar comisiones inmobiliarias y gastos de gestoría de informes a los inquilinos que sean personas físicas. Para los casos de alquiler de vivienda, el monto máximo de comisión que se le puede requerir a los propietarios será el equivalente al cuatro con quince centésimos por ciento (4, 15%) del valor total del respectivo contrato&quot;. - (art. 5, Ley 5859). Cumple con la ley de accesibilidad (art. 10 inc. 8 de la ley 2340) -La publicación de este inmueble es a título informativo, la venta de la propiedad está supeditada a que el propietario cumplimente el trámite ante la afip para la obtención del número de coti correspondiente. En cumplimiento de la leyes provinciales vigentes que regulan el corretaje inmobiliario, Ley Nacional 25. 028, Ley 22. 802 de Lealtad Comercial, Ley 24. 240 de Defensa al Consumidor, las normas del Código Civil y Comercial de la Nación y Constitucionales, los agentes/gestores no ejercen el corretaje inmobiliario, todas las operaciones inmobiliarias son concluidas por el martillero/corredor colegiado, cuyos datos se exhiben a continuación: Martilleras Responsables: María Virginia Zandueta cucicba Mat 7831 / cmcpsi 7066 y Sabrina Aldana Enrique cucicba Mat 8020 / cmcpsi 6814 WhatsApp Contactar"
2026-07-15;4;54716997;2026-06-23;22;False;;;;Flores;Bogota Flores Norte, Flores;$ 950.000;ARS;436480.0;102;4;3;1;9314.0;False;True;False;False;False;False;False;https://www.zonaprop.com.ar/propiedades/clasificado/alclapin-alquiler-flores-4-ambientes-con-balcon-54716997.html?n_src=Listado&n_pills=Aire+acondicionado&n_pg=4&n_pos=29&n_search_id=795683ec-3b10-4400-b8de-d0510cf02d08;;"$ 950.000 $ 436.480 Expensas 102 m² tot. 4 amb. 3 dorm. 1 baño Bogota Flores Norte, Flores Alquiler Flores 4 ambientes, con balcon contrafrente, baño con bañera, 3 dormitorios con piso de madera y ventanas, amplia cocina con lugar para lavadero, aire acondicionado. Colectivos: 1, 2, 5, 8, 25, 36, 44, 49, 53, 55, 76, 85, 86, 88, 92, 96, 99, 104, 113, 132, 133, 134, 136, 141, 163, 172, 181. Subtes (Metro): carabobo (Línea A) Datos útiles. Barrio: Flores. Comuna: Comuna 7. Área Hospitalaria: htal. Dr. T. álvarez. Requisitos: 1) El monto del alquiler no debe superar el 30% de los ingresos demostrables del grupo familiar (3 últimos recibos de sueldo y certificación laboral con firma del empleador certificada por entidad bancaria). 2) Garantía seguro de fianza de Premium Group ofinaer excluyente. 3) Depósito 1 mes. 4) 1 mes adelantado 5) Contrato 24 meses. 6) Actualización trimestral por icl. 7) Contratación de seguro contra incendio, hogar y daños por agua a cargo del locatario, endosado a favor del locador. 8) Gastos informes del registro de la propiedad, informes personales y de certificación de firmas ante escribano a cargo del inquilino. A cargo del inquilino: Factura agip, Expensas ordinarias, servicio de luz y de gas. A cargo del propietario: Expensas extraordinarias. ley 5115: No Accesible para las personas con discapacidades físicas. Cumpliendo con la ley 5859: Para los casos de alquiler de vivienda, el monto máximo de comisión que se le puede requerir a los propietarios será el equivalente al cuatro con quince centésimos por ciento (4, 15%) del valor total del respectivo contrato. Se encuentra prohibido cobrar a los inquilinos que sean personas físicas comisiones inmobiliarias y gastos de gestoría de informes. Aviso legal: Las medidas son meramente descriptivas y esquemáticas. Las fotos del presente inmueble son facilitadas al sólo efecto de otorgar una rápida visualización del inmueble. Las medidas exactas surgirán de la escritura y/o planos del inmueble. El valor de las expensas, tasas y servicios mensuales están sujetos a verificación y/o ajuste. Ley 5115: No Accesible para las personas con discapacidades físicas. Cumpliendo con la ley 5859: ""Para los casos de alquiler de vivienda, el monto máximo de comisión que se le puede requerir a los propietarios será el equivalente al cuatro con quince centésimos por ciento (4, 15%) del valor total del respectivo contrato. Se encuentra prohibido cobrar a los inquilinos que sean personas físicas comisiones inmobiliarias y gastos de gestoría de informes"". Servicios. martillera A cargo dora piacquadio cucicba 3803 WhatsApp Contactar"
2026-07-15;4;59441172;2026-06-23;22;False;;;;Floresta;Concordia 400 Floresta, Capital Federal Corredor Responsable: Vanesa Karina Mayo Gonzalez cmcpsi 6468 / cucicba 8074- Contacto: Juan Manuel Alvarez.;$ 1.250.000;ARS;180000.0;102;4;3;2;12255.0;True;True;False;False;False;False;True;https://www.zonaprop.com.ar/propiedades/clasificado/alclapin-alquiler-departamento-4amb-depend-balcon-en-flores-59441172.html?n_src=Listado&n_pills=Permite+mascotas&n_pg=4&n_pos=30&n_search_id=795683ec-3b10-4400-b8de-d0510cf02d08;;$ 1.250.000 $ 180.000 Expensas 102 m² tot. 4 amb. 3 dorm. 2 baños Concordia 400 Floresta, Capital Federal Corredor Responsable: Vanesa Karina Mayo Gonzalez cmcpsi 6468 / cucicba 8074- Contacto: Juan Manuel Alvarez. departamento de 4 ambientes + dependencia concordia 440. Amplio, luminoso y con una distribución ideal para disfrutar de cada ambiente. Ubicado sobre la calle Concordia 440, este departamento combina comodidad, metros bien aprovechados y el encanto de los clásicos pisos de parquet en excelente estado. Al ingresar, nos recibe un generoso living-comedor con salida a un amplio balcón corrido, que aporta una excelente ventilación y una agradable conexión con el exterior. La propiedad cuenta con tres dormitorios con placard, dependencia de servicio con múltiples posibilidades de uso (escritorio, cuarto dormitorio o espacio de guardado), cocina independiente y lavadero. Dispone de dos baños completos y un toilette, brindando practicidad y confort para familias numerosas o quienes buscan amplitud y funcionalidad en su día a día. Características destacadas: * 4 ambientes más dependencia. * Amplio living-comedor con salida al balcón. * Balcón corrido. * 3 dormitorios. * Dependencia de servicio o escritorio. * Cocina independiente. * Lavadero. * 2 baños completos + toilette. * Pisos de parquet. * Excelente distribución y ventilación. Un departamento con espacios generosos y el potencial ideal para quienes buscan vivir con comodidad en una ubicación estratégica, con cercanía a medios de transporte, comercios y servicios. ¡Una oportunidad para disfrutar en una de las zonas más buscadas!! ! se aceptan mascotas!! Requisitos. 1 mes de adelanto. 1 mes de deposito (se abona en dolar billete) ingresos demostrables. gtia seguro de caucion O gtia propietaria. rau S. R. L. No ejerce el corretaje inmobiliario. El presente sitio web es una plataforma en donde cada oficina inmobiliaria independiente que contrata los servicios re/max puede publicar las propiedades a su cargo. Cada oficina es de propiedad y gestión independiente, por lo que rau S. R. L. No interviene en los datos de la publicación, en la operación inmobiliaria, ni en la confección y/o firma del boleto de compraventa y/o escritura y/o contrato de alquiler. En cumplimiento de las leyes vigentes que regulan el corretaje inmobiliario, Ley Nacional 25. 028, Ley 22. 802 de Lealtad Comercial, Ley 24. 240 de Defensa al Consumidor, las normas del Código Civil y Comercial de la Nación y Constitucionales, los agentes/gestores no ejercen el corretaje inmobiliario. Todas las operaciones inmobiliarias son objeto de intermediación y conclusión por parte del corredor público inmobiliario colegiado a cargo de la publicación, cuyos datos se exhiben en la presente. La presente publicación describe las características esenciales del inmueble, debiéndose consultar al corredor público inmobiliario responsable de la operación por la eventual actualización de las medidas, descripciones arquitectónicas y funcionales, valores de expensas, servicios, impuestos, precios y demás información, cuyos valores son aproximados. Para los casos de alquiler de vivienda, el monto máximo de comisión que se le puede requerir a los propietarios será el equivalente al cuatro con quince centésimos por ciento (4, 15%) del valor total del respectivo contrato. Se encuentra prohibido cobrar a los inquilinos que sean personas físicas comisiones inmobiliarias y gastos de gestoría de informes. El inmueble no es accesible para personas con discapacidades físicas. Contactar
